,videoId,videoPublishedAt,playlist_id
0,DRXYOfbksGE,2022-08-25T14:00:09Z,PLKnIA16_RmvYiCaWzsT242jVdp_aAdDjb
0,iCTTnQJn50E,2022-07-06T14:00:19Z,PLKnIA16_RmvYhD5pqAeVu3j_jTjnTJIW2
1,jAqVuYJ8TP8,2022-07-18T14:00:34Z,PLKnIA16_RmvYhD5pqAeVu3j_jTjnTJIW2
2,vVS4csXRlcQ,2022-07-20T14:00:26Z,PLKnIA16_RmvYhD5pqAeVu3j_jTjnTJIW2
3,rKG9E6rce1c,2022-07-26T14:00:33Z,PLKnIA16_RmvYhD5pqAeVu3j_jTjnTJIW2
4,nqL9xYmhEpg,2022-08-03T14:00:22Z,PLKnIA16_RmvYhD5pqAeVu3j_jTjnTJIW2
5,p0wSmKslWi0,2022-08-05T14:00:35Z,PLKnIA16_RmvYhD5pqAeVu3j_jTjnTJIW2
6,N5AynalXD9g,2022-08-07T14:00:09Z,PLKnIA16_RmvYhD5pqAeVu3j_jTjnTJIW2
0,3x81gGRQjwM,2022-07-14T14:00:02Z,PLKnIA16_Rmvba0fOpXid4yNwkbX9LGBIh
1,d5luiaJxHcw,2022-09-06T14:00:31Z,PLKnIA16_Rmvba0fOpXid4yNwkbX9LGBIh
0,zdIQkjtFX_I,2022-07-04T14:00:29Z,PLKnIA16_RmvbMK0_fdp0DZHZKm4Q1slAB
1,DLcBjo5gIxs,2022-07-08T16:00:08Z,PLKnIA16_RmvbMK0_fdp0DZHZKm4Q1slAB
2,tbpBW5Yr44k,2022-07-12T14:00:26Z,PLKnIA16_RmvbMK0_fdp0DZHZKm4Q1slAB
3,F-HRiwlqPDU,2022-07-16T14:00:24Z,PLKnIA16_RmvbMK0_fdp0DZHZKm4Q1slAB
4,FkTN6yw1S54,2022-07-22T14:00:16Z,PLKnIA16_RmvbMK0_fdp0DZHZKm4Q1slAB
5,IdJL9rcQrFU,2022-07-28T14:00:20Z,PLKnIA16_RmvbMK0_fdp0DZHZKm4Q1slAB
0,yA_Vtygj5FA,2022-06-17T10:59:56Z,PLKnIA16_Rmva_ZdY31wpEICG0KHnvIhu2
1,9sEiMp8bCnY,2022-06-29T08:49:04Z,PLKnIA16_Rmva_ZdY31wpEICG0KHnvIhu2
2,TXVtbgaEyms,2022-06-29T08:54:25Z,PLKnIA16_Rmva_ZdY31wpEICG0KHnvIhu2
3,E5wVPKJkwCg,2022-06-29T08:52:39Z,PLKnIA16_Rmva_ZdY31wpEICG0KHnvIhu2
4,BuuijIa7MZ8,2022-06-29T08:53:38Z,PLKnIA16_Rmva_ZdY31wpEICG0KHnvIhu2
5,m9UaxSQJQGQ,2022-06-29T08:50:03Z,PLKnIA16_Rmva_ZdY31wpEICG0KHnvIhu2
6,EjmbcroSC0Q,2022-06-29T08:51:15Z,PLKnIA16_Rmva_ZdY31wpEICG0KHnvIhu2
7,l01Y1DXRtmg,2022-06-29T08:50:59Z,PLKnIA16_Rmva_ZdY31wpEICG0KHnvIhu2
8,bEfjDSSZ4wQ,2022-06-29T08:53:06Z,PLKnIA16_Rmva_ZdY31wpEICG0KHnvIhu2
9,QoQoRsn17Qo,2022-06-29T08:50:43Z,PLKnIA16_Rmva_ZdY31wpEICG0KHnvIhu2
10,WwgHS0vphNo,2022-06-29T08:49:50Z,PLKnIA16_Rmva_ZdY31wpEICG0KHnvIhu2
11,1pIrDi6puGs,2022-06-29T08:49:19Z,PLKnIA16_Rmva_ZdY31wpEICG0KHnvIhu2
12,SB5CnzmeH_w,2022-06-29T08:49:33Z,PLKnIA16_Rmva_ZdY31wpEICG0KHnvIhu2
13,4l1-i7_gGVQ,2022-06-29T08:59:05Z,PLKnIA16_Rmva_ZdY31wpEICG0KHnvIhu2
14,ek9qrl0-MuU,2022-06-29T08:50:30Z,PLKnIA16_Rmva_ZdY31wpEICG0KHnvIhu2
15,2RnuvkOMnsA,2022-06-29T08:51:35Z,PLKnIA16_Rmva_ZdY31wpEICG0KHnvIhu2
16,Bwsp-ffCmcw,2022-06-29T08:52:21Z,PLKnIA16_Rmva_ZdY31wpEICG0KHnvIhu2
17,etk-4thyX7E,2022-06-29T08:51:55Z,PLKnIA16_Rmva_ZdY31wpEICG0KHnvIhu2
18,EmSNAtcHLm8,2022-06-20T14:00:07Z,PLKnIA16_Rmva_ZdY31wpEICG0KHnvIhu2
19,sVJW5UXe84s,2022-06-29T14:00:33Z,PLKnIA16_Rmva_ZdY31wpEICG0KHnvIhu2
0,u2aOTtOwOkc,2022-05-21T14:00:31Z,PLKnIA16_RmvYqcz4vdPmE9HsvMmrr0QO9
1,rV-1w66cPqA,2022-06-03T04:38:59Z,PLKnIA16_RmvYqcz4vdPmE9HsvMmrr0QO9
0,T7KTKLHpTho,2022-05-14T14:00:12Z,PLKnIA16_RmvYIzoQ_U60CIDVwwjVMhuT5
1,ZNgBfrqhb9w,2022-05-30T14:00:14Z,PLKnIA16_RmvYIzoQ_U60CIDVwwjVMhuT5
2,_XDDVqnoEVA,2022-06-27T14:00:17Z,PLKnIA16_RmvYIzoQ_U60CIDVwwjVMhuT5
0,yBKkSm2v3gg,2022-05-11T03:57:15Z,PLKnIA16_RmvbENTxx8TqPQtLxWj7B9Ins
1,STdpODDHTns,2022-05-14T04:18:36Z,PLKnIA16_RmvbENTxx8TqPQtLxWj7B9Ins
2,IicPavA37ew,2022-05-18T04:10:31Z,PLKnIA16_RmvbENTxx8TqPQtLxWj7B9Ins
0,dBvjBwga8pU,2022-03-26T14:00:23Z,PLKnIA16_RmvZTD2oti9S1jDTX7xTC7PSO
1,ZcYVdmL8pzI,2022-06-08T03:40:15Z,PLKnIA16_RmvZTD2oti9S1jDTX7xTC7PSO
0,FGBme8dWR_M,2021-10-24T13:30:05Z,PLKnIA16_RmvYun1_5r9Fb4eQigioPB7yn
1,nopIGY1zJE0,2021-10-26T14:19:14Z,PLKnIA16_RmvYun1_5r9Fb4eQigioPB7yn
2,yBKkSm2v3gg,2022-05-11T03:57:15Z,PLKnIA16_RmvYun1_5r9Fb4eQigioPB7yn
3,STdpODDHTns,2022-05-14T04:18:36Z,PLKnIA16_RmvYun1_5r9Fb4eQigioPB7yn
4,IicPavA37ew,2022-05-18T04:10:31Z,PLKnIA16_RmvYun1_5r9Fb4eQigioPB7yn
5,DRXYOfbksGE,2022-08-25T14:00:09Z,PLKnIA16_RmvYun1_5r9Fb4eQigioPB7yn
0,2dH_qjc9mFg,2022-02-15T14:00:03Z,PLKnIA16_RmvYuZauWaPlRTC54KxSNLtNn
1,fHF22Wxuyw4,2022-02-17T14:00:14Z,PLKnIA16_RmvYuZauWaPlRTC54KxSNLtNn
2,fne_UE7hDn0,2022-02-19T14:00:30Z,PLKnIA16_RmvYuZauWaPlRTC54KxSNLtNn
3,X7iIKPoZ0Sw,2022-02-21T14:00:24Z,PLKnIA16_RmvYuZauWaPlRTC54KxSNLtNn
4,Lu2bruOHN6g,2022-02-23T14:00:13Z,PLKnIA16_RmvYuZauWaPlRTC54KxSNLtNn
5,2_gCL5RAkHc,2022-02-25T14:00:01Z,PLKnIA16_RmvYuZauWaPlRTC54KxSNLtNn
6,Jp44b27VnOg,2022-02-27T14:00:11Z,PLKnIA16_RmvYuZauWaPlRTC54KxSNLtNn
7,H0_3SJh4Rqs,2022-03-03T14:00:13Z,PLKnIA16_RmvYuZauWaPlRTC54KxSNLtNn
8,qw7wFGgNCSU,2022-03-01T14:00:19Z,PLKnIA16_RmvYuZauWaPlRTC54KxSNLtNn
9,7MuiScUkboE,2022-03-05T14:00:04Z,PLKnIA16_RmvYuZauWaPlRTC54KxSNLtNn
10,9wmImImmgcI,2022-03-07T14:00:05Z,PLKnIA16_RmvYuZauWaPlRTC54KxSNLtNn
11,3xPT2Pk0Jds,2022-03-09T14:00:01Z,PLKnIA16_RmvYuZauWaPlRTC54KxSNLtNn
12,RCmiPBiA4qg,2022-03-11T14:00:16Z,PLKnIA16_RmvYuZauWaPlRTC54KxSNLtNn
13,gb5nm_3jBIo,2022-03-23T14:00:31Z,PLKnIA16_RmvYuZauWaPlRTC54KxSNLtNn
14,6M1wWQmcUjQ,2022-03-30T14:00:07Z,PLKnIA16_RmvYuZauWaPlRTC54KxSNLtNn
15,ma6hWrU-LaI,2022-04-03T14:00:19Z,PLKnIA16_RmvYuZauWaPlRTC54KxSNLtNn
16,6xO-x8y0YSY,2022-04-05T14:00:04Z,PLKnIA16_RmvYuZauWaPlRTC54KxSNLtNn
17,rW0eeTXas4k,2022-04-09T14:00:19Z,PLKnIA16_RmvYuZauWaPlRTC54KxSNLtNn
18,7z6yXpYk7sw,2022-04-14T14:00:06Z,PLKnIA16_RmvYuZauWaPlRTC54KxSNLtNn
19,uCrevbBh0zM,2022-04-17T14:00:22Z,PLKnIA16_RmvYuZauWaPlRTC54KxSNLtNn
20,Ue_6n1yT_R8,2022-04-29T14:00:24Z,PLKnIA16_RmvYuZauWaPlRTC54KxSNLtNn
21,Ygvskt5HadI,2022-05-02T14:00:27Z,PLKnIA16_RmvYuZauWaPlRTC54KxSNLtNn
22,mzRO0cVppQ0,2022-05-05T14:00:16Z,PLKnIA16_RmvYuZauWaPlRTC54KxSNLtNn
23,gyTlcHVeBjM,2022-05-12T14:00:14Z,PLKnIA16_RmvYuZauWaPlRTC54KxSNLtNn
24,tgIx04ML7-Y,2022-05-15T14:00:22Z,PLKnIA16_RmvYuZauWaPlRTC54KxSNLtNn
25,4xRonrhtkzc,2022-05-20T14:00:03Z,PLKnIA16_RmvYuZauWaPlRTC54KxSNLtNn
26,7LcUkgzx3AY,2022-06-01T14:00:06Z,PLKnIA16_RmvYuZauWaPlRTC54KxSNLtNn
27,2OwWs7Hzr9g,2022-06-09T14:00:02Z,PLKnIA16_RmvYuZauWaPlRTC54KxSNLtNn
28,2MSY0HwH5Ss,2022-06-23T14:00:01Z,PLKnIA16_RmvYuZauWaPlRTC54KxSNLtNn
29,nwVOSgcrbQI,2022-06-25T14:00:32Z,PLKnIA16_RmvYuZauWaPlRTC54KxSNLtNn
30,2AscwXePInA,2022-07-01T14:00:03Z,PLKnIA16_RmvYuZauWaPlRTC54KxSNLtNn
31,iCTTnQJn50E,2022-07-06T14:00:19Z,PLKnIA16_RmvYuZauWaPlRTC54KxSNLtNn
32,jAqVuYJ8TP8,2022-07-18T14:00:34Z,PLKnIA16_RmvYuZauWaPlRTC54KxSNLtNn
33,vVS4csXRlcQ,2022-07-20T14:00:26Z,PLKnIA16_RmvYuZauWaPlRTC54KxSNLtNn
34,rKG9E6rce1c,2022-07-26T14:00:33Z,PLKnIA16_RmvYuZauWaPlRTC54KxSNLtNn
35,nqL9xYmhEpg,2022-08-03T14:00:22Z,PLKnIA16_RmvYuZauWaPlRTC54KxSNLtNn
36,p0wSmKslWi0,2022-08-05T14:00:35Z,PLKnIA16_RmvYuZauWaPlRTC54KxSNLtNn
37,N5AynalXD9g,2022-08-07T14:00:09Z,PLKnIA16_RmvYuZauWaPlRTC54KxSNLtNn
38,oYnyNLj8RMA,2022-08-11T14:00:21Z,PLKnIA16_RmvYuZauWaPlRTC54KxSNLtNn
39,hDVFXf74P-U,2022-08-17T14:00:31Z,PLKnIA16_RmvYuZauWaPlRTC54KxSNLtNn
40,aslTGS9ef98,2022-08-19T14:00:01Z,PLKnIA16_RmvYuZauWaPlRTC54KxSNLtNn
41,cgJx3GvQ5y8,2022-08-23T14:00:15Z,PLKnIA16_RmvYuZauWaPlRTC54KxSNLtNn
42,btWE6SsdDZA,2022-08-27T14:00:15Z,PLKnIA16_RmvYuZauWaPlRTC54KxSNLtNn
43,DwmGefkowCU,2022-09-02T14:00:08Z,PLKnIA16_RmvYuZauWaPlRTC54KxSNLtNn
44,ewsvsJQOuTI,2022-09-04T14:00:15Z,PLKnIA16_RmvYuZauWaPlRTC54KxSNLtNn
45,niE5DRKvD_E,2022-09-08T14:00:21Z,PLKnIA16_RmvYuZauWaPlRTC54KxSNLtNn
46,RvCCFttGFMY,2022-09-10T14:00:14Z,PLKnIA16_RmvYuZauWaPlRTC54KxSNLtNn
47,OoSDzOodY3Y,2022-09-15T14:00:12Z,PLKnIA16_RmvYuZauWaPlRTC54KxSNLtNn
48,0K4J_PTgysc,2022-09-19T14:00:00Z,PLKnIA16_RmvYuZauWaPlRTC54KxSNLtNn
49,sM2C-SsREgM,2022-09-21T14:00:34Z,PLKnIA16_RmvYuZauWaPlRTC54KxSNLtNn
0,Ty7knppVo9E,2020-03-14T18:39:43Z,PLKnIA16_RmvYNbPMB6ofVLRCcTPUAftdY
1,0GD480CnrO4,2020-03-14T19:04:13Z,PLKnIA16_RmvYNbPMB6ofVLRCcTPUAftdY
2,nneTjTYikBE,2020-03-14T19:07:51Z,PLKnIA16_RmvYNbPMB6ofVLRCcTPUAftdY
3,Oqw-v-Z7PuU,2020-03-14T19:21:02Z,PLKnIA16_RmvYNbPMB6ofVLRCcTPUAftdY
4,aAEHjXDHtbE,2020-03-14T19:38:59Z,PLKnIA16_RmvYNbPMB6ofVLRCcTPUAftdY
5,CfZa1daLjwo,2019-07-02T14:27:39Z,PLKnIA16_RmvYNbPMB6ofVLRCcTPUAftdY
6,3C9mpj-NYgo,2019-07-02T14:37:10Z,PLKnIA16_RmvYNbPMB6ofVLRCcTPUAftdY
7,_FbZI9mtSSM,2019-04-02T08:50:42Z,PLKnIA16_RmvYNbPMB6ofVLRCcTPUAftdY
8,nl9WiZMZnYs,2019-07-09T13:35:14Z,PLKnIA16_RmvYNbPMB6ofVLRCcTPUAftdY
9,BbLfV0wOeyc,2019-07-23T11:47:29Z,PLKnIA16_RmvYNbPMB6ofVLRCcTPUAftdY
0,eIZD1BFfw8E,2017-08-11T09:12:05Z,PLKnIA16_Rmvbe9wDJGXc28KKr6lp5Jn2g
1,qtaqvPAeEJY,2019-07-29T19:15:01Z,PLKnIA16_Rmvbe9wDJGXc28KKr6lp5Jn2g
2,xZ_z8KWkhXE,2019-08-05T15:30:03Z,PLKnIA16_Rmvbe9wDJGXc28KKr6lp5Jn2g
3,okjYjClSjOg,2017-11-13T13:09:12Z,PLKnIA16_Rmvbe9wDJGXc28KKr6lp5Jn2g
4,TqOeMYtOc1w,2015-07-09T16:43:04Z,PLKnIA16_Rmvbe9wDJGXc28KKr6lp5Jn2g
5,0oc49DyA3hU,2020-07-06T04:00:01Z,PLKnIA16_Rmvbe9wDJGXc28KKr6lp5Jn2g
6,YrhlQB3mQFI,2020-01-10T17:49:18Z,PLKnIA16_Rmvbe9wDJGXc28KKr6lp5Jn2g
0,aEow1QoTLo0,2021-06-02T14:30:02Z,PLKnIA16_RmvZuSEZ24Wlm13QpsfLlJBM4
1,oDlZBQjk_3A,2021-06-03T14:30:05Z,PLKnIA16_RmvZuSEZ24Wlm13QpsfLlJBM4
2,Fci_wwMp8G8,2021-06-04T14:30:02Z,PLKnIA16_RmvZuSEZ24Wlm13QpsfLlJBM4
3,8osKeShYVRQ,2021-06-08T08:42:26Z,PLKnIA16_RmvZuSEZ24Wlm13QpsfLlJBM4
4,HLF4bFbBgwk,2021-06-10T14:30:03Z,PLKnIA16_RmvZuSEZ24Wlm13QpsfLlJBM4
5,FN4aZPIAfI4,2021-06-11T14:30:02Z,PLKnIA16_RmvZuSEZ24Wlm13QpsfLlJBM4
6,2g2DBkFhTTY,2021-06-12T14:30:01Z,PLKnIA16_RmvZuSEZ24Wlm13QpsfLlJBM4
0,Ti7c-Hz7GSM,2021-05-13T14:30:02Z,PLKnIA16_RmvZJGOqRjqhOhTEmQW3vDdbQ
1,c09drtuCS3c,2021-06-23T14:30:05Z,PLKnIA16_RmvZJGOqRjqhOhTEmQW3vDdbQ
2,iK-kdhJ-7yI,2021-06-24T14:30:16Z,PLKnIA16_RmvZJGOqRjqhOhTEmQW3vDdbQ
0,BTLB-ppqBZc,2021-04-13T06:50:49Z,PLKnIA16_RmvbXJbBW4zCy4Xbr81GRyaC4
1,7G540ZGQubc,2021-04-18T02:01:48Z,PLKnIA16_RmvbXJbBW4zCy4Xbr81GRyaC4
0,sFKnP0iP0K0,2021-08-09T14:30:15Z,PLKnIA16_RmvZxriy68dPZhorB8LXP1PY6
1,RT0t9a3Xnfw,2021-08-10T14:30:10Z,PLKnIA16_RmvZxriy68dPZhorB8LXP1PY6
2,a20TaKNsriE,2021-08-16T14:30:00Z,PLKnIA16_RmvZxriy68dPZhorB8LXP1PY6
3,JmXnztjULnQ,2021-08-17T14:30:02Z,PLKnIA16_RmvZxriy68dPZhorB8LXP1PY6
4,7M5oWXCpDEw,2021-08-18T14:30:01Z,PLKnIA16_RmvZxriy68dPZhorB8LXP1PY6
0,bHK1fE_BUms,2021-07-12T14:30:15Z,PLKnIA16_RmvZyqP3WGUo7iVziIIea_1bp
1,F9uESCHGjhA,2021-07-19T15:13:28Z,PLKnIA16_RmvZyqP3WGUo7iVziIIea_1bp
2,jHgG4gjuFAk,2021-07-20T14:30:08Z,PLKnIA16_RmvZyqP3WGUo7iVziIIea_1bp
3,l93jRojZMqU,2021-07-22T14:30:06Z,PLKnIA16_RmvZyqP3WGUo7iVziIIea_1bp
4,WOFVY_wQ9wU,2021-07-23T14:30:05Z,PLKnIA16_RmvZyqP3WGUo7iVziIIea_1bp
5,4Im0CT43QxY,2021-07-26T14:30:01Z,PLKnIA16_RmvZyqP3WGUo7iVziIIea_1bp
6,tdDhyFoSG94,2021-07-28T14:30:08Z,PLKnIA16_RmvZyqP3WGUo7iVziIIea_1bp
7,R47JAob1xBY,2021-07-30T14:30:04Z,PLKnIA16_RmvZyqP3WGUo7iVziIIea_1bp
0,XNXzVfItWGY,2021-06-15T14:30:10Z,PLKnIA16_Rmvb-ZTsM1QS-tlwmlkeGSnru
1,tLezwPKvPK4,2021-06-16T14:30:08Z,PLKnIA16_Rmvb-ZTsM1QS-tlwmlkeGSnru
2,ehO0-6i9qD4,2021-06-17T14:30:04Z,PLKnIA16_Rmvb-ZTsM1QS-tlwmlkeGSnru
3,6bXOo0sxY5c,2021-06-18T14:30:04Z,PLKnIA16_Rmvb-ZTsM1QS-tlwmlkeGSnru
4,awjXaFR1jOM,2021-06-19T09:49:04Z,PLKnIA16_Rmvb-ZTsM1QS-tlwmlkeGSnru
5,ABrrSwMYWSg,2021-06-21T14:30:01Z,PLKnIA16_Rmvb-ZTsM1QS-tlwmlkeGSnru
6,Z8noL_0M4tw,2021-06-28T14:30:03Z,PLKnIA16_Rmvb-ZTsM1QS-tlwmlkeGSnru
7,WnBYW_DX3sM,2021-06-29T14:30:05Z,PLKnIA16_Rmvb-ZTsM1QS-tlwmlkeGSnru
8,ay_OcblJasE,2021-06-30T14:30:00Z,PLKnIA16_Rmvb-ZTsM1QS-tlwmlkeGSnru
0,fbKz7N92mhQ,2021-09-09T13:30:13Z,PLKnIA16_RmvaMPgWfHnN4MXl3qQ1597Jw
1,nMNiTZm-qY0,2021-09-20T13:30:19Z,PLKnIA16_RmvaMPgWfHnN4MXl3qQ1597Jw
0,ToGuhynu-No,2021-05-05T14:30:03Z,PLKnIA16_RmvYHW62E_lGQa0EFsph2NquD
1,iRbsBi5W0-c,2021-05-06T14:30:03Z,PLKnIA16_RmvYHW62E_lGQa0EFsph2NquD
2,tXXnxjj2wM4,2021-05-07T14:30:04Z,PLKnIA16_RmvYHW62E_lGQa0EFsph2NquD
3,tofVCUDrg4M,2021-05-08T14:30:06Z,PLKnIA16_RmvYHW62E_lGQa0EFsph2NquD
0,5shTLzwAdEc,2021-08-24T14:30:01Z,PLKnIA16_RmvbA_hYXlRgdCg9bn8ZQK2z9
1,MFraC1JObUo,2021-08-25T14:30:02Z,PLKnIA16_RmvbA_hYXlRgdCg9bn8ZQK2z9
2,UPvv9SprgVo,2021-08-26T14:30:11Z,PLKnIA16_RmvbA_hYXlRgdCg9bn8ZQK2z9
0,ORyfPJypKuU,2021-05-21T14:30:01Z,PLKnIA16_RmvZvBbJex7T84XYRmor3IPK1
1,Jyo53pAyVAM,2021-05-22T14:35:24Z,PLKnIA16_RmvZvBbJex7T84XYRmor3IPK1
2,V7KBAa_gh4c,2021-05-25T14:30:06Z,PLKnIA16_RmvZvBbJex7T84XYRmor3IPK1
0,UZPfbG0jNec,2021-05-10T14:30:07Z,PLKnIA16_Rmva-wY_HBh1gTH32ocu2SoTr
1,dXHIDLPKdmA,2021-05-11T14:30:06Z,PLKnIA16_Rmva-wY_HBh1gTH32ocu2SoTr
2,ashGekqstl8,2021-05-14T14:30:01Z,PLKnIA16_Rmva-wY_HBh1gTH32ocu2SoTr
3,NU37mF5q8VE,2021-05-15T14:30:07Z,PLKnIA16_Rmva-wY_HBh1gTH32ocu2SoTr
4,VmZWXzxmNrE,2021-05-17T14:30:03Z,PLKnIA16_Rmva-wY_HBh1gTH32ocu2SoTr
5,BNWLf3cKdbQ,2021-05-29T01:48:09Z,PLKnIA16_Rmva-wY_HBh1gTH32ocu2SoTr
0,mdq43KRyy6M,2021-12-22T03:35:58Z,PLKnIA16_RmvZv_hh_t8vsYopa9DOcGgSf
1,9_mLV1Aj3Vw,2022-01-31T02:43:49Z,PLKnIA16_RmvZv_hh_t8vsYopa9DOcGgSf
2,yBKkSm2v3gg,2022-05-11T03:57:15Z,PLKnIA16_RmvZv_hh_t8vsYopa9DOcGgSf
3,STdpODDHTns,2022-05-14T04:18:36Z,PLKnIA16_RmvZv_hh_t8vsYopa9DOcGgSf
4,IicPavA37ew,2022-05-18T04:10:31Z,PLKnIA16_RmvZv_hh_t8vsYopa9DOcGgSf
5,ZcYVdmL8pzI,2022-06-08T03:40:15Z,PLKnIA16_RmvZv_hh_t8vsYopa9DOcGgSf
6,OZXeAme3694,2022-08-21T15:42:43Z,PLKnIA16_RmvZv_hh_t8vsYopa9DOcGgSf
0,zlUpTlaxAKI,2021-11-25T14:00:33Z,PLKnIA16_RmvZo7fp5kkIth6nRTeQQsjfX
1,29qyNyNkLHs,2021-12-02T14:00:01Z,PLKnIA16_RmvZo7fp5kkIth6nRTeQQsjfX
2,6C0sLtw5ctc,2021-12-10T14:00:05Z,PLKnIA16_RmvZo7fp5kkIth6nRTeQQsjfX
3,vo6gQz5lYRI,2021-12-16T14:00:32Z,PLKnIA16_RmvZo7fp5kkIth6nRTeQQsjfX
4,DDfLc5AHoJI,2021-12-30T14:00:11Z,PLKnIA16_RmvZo7fp5kkIth6nRTeQQsjfX
5,Qbd7U9F0QQ8,2022-01-06T14:00:09Z,PLKnIA16_RmvZo7fp5kkIth6nRTeQQsjfX
6,269IGagoJfs,2022-01-21T14:00:03Z,PLKnIA16_RmvZo7fp5kkIth6nRTeQQsjfX
7,1fvQU5yPjFs,2022-02-12T14:00:03Z,PLKnIA16_RmvZo7fp5kkIth6nRTeQQsjfX
0,qKvgh-1XIpE,2021-10-22T13:30:19Z,PLKnIA16_RmvZGK-NF2YovesQ96HfUrKEw
1,FGBme8dWR_M,2021-10-24T13:30:05Z,PLKnIA16_RmvZGK-NF2YovesQ96HfUrKEw
2,PKv_okm1H-k,2021-11-22T14:00:19Z,PLKnIA16_RmvZGK-NF2YovesQ96HfUrKEw
3,5J2J9Ywg1Pc,2022-01-15T14:00:01Z,PLKnIA16_RmvZGK-NF2YovesQ96HfUrKEw
4,DAC3CuQ_IDU,2022-02-05T14:00:16Z,PLKnIA16_RmvZGK-NF2YovesQ96HfUrKEw
0,b7kEAoYHyuA,2021-07-29T14:00:12Z,PLKnIA16_RmvZ60LRBRtAWjzrdNDX_81wl
1,sJgjRNhokPk,2021-09-22T13:30:22Z,PLKnIA16_RmvZ60LRBRtAWjzrdNDX_81wl
2,kH--k1VKFt4,2021-09-24T12:30:22Z,PLKnIA16_RmvZ60LRBRtAWjzrdNDX_81wl
3,SQHfry4xmdM,2021-09-26T12:30:11Z,PLKnIA16_RmvZ60LRBRtAWjzrdNDX_81wl
4,sAzX_mF8wGo,2021-09-28T13:30:17Z,PLKnIA16_RmvZ60LRBRtAWjzrdNDX_81wl
5,bZbI-vKFzGE,2021-10-04T13:30:06Z,PLKnIA16_RmvZ60LRBRtAWjzrdNDX_81wl
6,Q1EeHessyaE,2021-10-10T13:30:04Z,PLKnIA16_RmvZ60LRBRtAWjzrdNDX_81wl
7,PWxFklmiCpQ,2021-11-01T13:30:08Z,PLKnIA16_RmvZ60LRBRtAWjzrdNDX_81wl
8,Mh_RKdbrCjE,2021-11-05T14:00:09Z,PLKnIA16_RmvZ60LRBRtAWjzrdNDX_81wl
9,TEdzy19TDYc,2021-12-06T14:00:24Z,PLKnIA16_RmvZ60LRBRtAWjzrdNDX_81wl
10,e4Ni9QpCS2s,2022-01-27T14:00:30Z,PLKnIA16_RmvZ60LRBRtAWjzrdNDX_81wl
11,SCVlg0VYxNE,2022-02-02T14:00:09Z,PLKnIA16_RmvZ60LRBRtAWjzrdNDX_81wl
12,NiI8IED2QmY,2022-02-08T14:00:17Z,PLKnIA16_RmvZ60LRBRtAWjzrdNDX_81wl
13,4Csy6VjbHiM,2022-06-15T14:00:01Z,PLKnIA16_RmvZ60LRBRtAWjzrdNDX_81wl
14,HDST_IenJU4,2022-07-24T14:00:07Z,PLKnIA16_RmvZ60LRBRtAWjzrdNDX_81wl
15,dtWag57PRDk,2022-08-01T14:00:19Z,PLKnIA16_RmvZ60LRBRtAWjzrdNDX_81wl
16,qWjx-XdZLjk,2022-08-09T14:00:21Z,PLKnIA16_RmvZ60LRBRtAWjzrdNDX_81wl
17,3rf_yPux9b8,2022-08-29T14:00:02Z,PLKnIA16_RmvZ60LRBRtAWjzrdNDX_81wl
18,H5Mb0zWWSMk,2022-09-13T14:00:07Z,PLKnIA16_RmvZ60LRBRtAWjzrdNDX_81wl
0,Fe1MzID2BNg,2021-01-31T18:16:54Z,PLKnIA16_RmvaUo-zCQ9qW5YcAjh2Cm6zV
0,96JuiE7Medw,2020-10-20T01:52:55Z,PLKnIA16_Rmvb6SAVpWjm0ZYPHo_KRXljU
1,TvpfPIUi9J0,2020-11-02T06:11:10Z,PLKnIA16_Rmvb6SAVpWjm0ZYPHo_KRXljU
2,WPuUwMH8MT0,2020-11-06T19:05:09Z,PLKnIA16_Rmvb6SAVpWjm0ZYPHo_KRXljU
3,YEkVrn-3UuY,2020-11-13T07:31:48Z,PLKnIA16_Rmvb6SAVpWjm0ZYPHo_KRXljU
4,B1O1llh1F5E,2020-11-28T06:00:17Z,PLKnIA16_Rmvb6SAVpWjm0ZYPHo_KRXljU
5,xAyOU_LTKWw,2020-12-03T21:01:10Z,PLKnIA16_Rmvb6SAVpWjm0ZYPHo_KRXljU
6,vP6c53qroNc,2020-12-05T21:23:27Z,PLKnIA16_Rmvb6SAVpWjm0ZYPHo_KRXljU
0,cBaM-wQi2oE,2020-09-17T03:01:13Z,PLKnIA16_RmvbGGG0vZa0Wiwu58KSEwWOa
1,WpmIn4TOz4Y,2020-09-21T15:26:48Z,PLKnIA16_RmvbGGG0vZa0Wiwu58KSEwWOa
2,29lVp_5QS24,2020-10-05T04:29:11Z,PLKnIA16_RmvbGGG0vZa0Wiwu58KSEwWOa
3,rtHgYCdQ0Iw,2020-10-11T05:47:51Z,PLKnIA16_RmvbGGG0vZa0Wiwu58KSEwWOa
0,oICPI4LyBU0,2020-08-14T05:08:55Z,PLKnIA16_RmvbfNFxfBUAfXbPZw8Yrecct
1,RGzm5skN0wY,2020-08-17T16:51:16Z,PLKnIA16_RmvbfNFxfBUAfXbPZw8Yrecct
2,wHdU500fwBc,2020-08-17T20:59:53Z,PLKnIA16_RmvbfNFxfBUAfXbPZw8Yrecct
3,m5lHiKKQD8Q,2020-08-21T05:07:41Z,PLKnIA16_RmvbfNFxfBUAfXbPZw8Yrecct
4,1yB-Vc54E0E,2020-08-25T05:55:53Z,PLKnIA16_RmvbfNFxfBUAfXbPZw8Yrecct
5,-QWx5JZU-mQ,2020-08-29T03:54:02Z,PLKnIA16_RmvbfNFxfBUAfXbPZw8Yrecct
6,LcxnKXYQFFc,2020-09-14T19:53:36Z,PLKnIA16_RmvbfNFxfBUAfXbPZw8Yrecct
0,nQtLK2pKisI,2020-09-06T16:03:48Z,PLKnIA16_RmvbQrBwkYQGU5ITrhs4xNbee
1,kxhaOoQNvOk,2020-09-06T16:04:12Z,PLKnIA16_RmvbQrBwkYQGU5ITrhs4xNbee
2,viHXPOgSvBo,2020-09-06T16:04:36Z,PLKnIA16_RmvbQrBwkYQGU5ITrhs4xNbee
3,70nZfwjYkpk,2020-11-16T06:17:14Z,PLKnIA16_RmvbQrBwkYQGU5ITrhs4xNbee
0,hIMzczMO_Yc,2020-03-05T05:00:16Z,PLKnIA16_RmvY4R0tLwFl2V9sS_UkvUzjz
1,vVhD2EyS41Y,2021-03-25T14:39:26Z,PLKnIA16_RmvY4R0tLwFl2V9sS_UkvUzjz
0,sluoVhT0ehg,2021-04-08T14:43:42Z,PLKnIA16_RmvYXWH_E6PuVLLHHTWXwwDN7
1,1Yw9sC0PNwY,2021-04-09T14:32:00Z,PLKnIA16_RmvYXWH_E6PuVLLHHTWXwwDN7
2,eBrGyuA2MIg,2021-04-10T14:30:04Z,PLKnIA16_RmvYXWH_E6PuVLLHHTWXwwDN7
3,w2GglmYHfmM,2021-04-12T16:55:33Z,PLKnIA16_RmvYXWH_E6PuVLLHHTWXwwDN7
4,U5oCv3JKWKA,2021-04-13T14:30:05Z,PLKnIA16_RmvYXWH_E6PuVLLHHTWXwwDN7
5,5TVj6iEBR4I,2021-04-14T14:30:00Z,PLKnIA16_RmvYXWH_E6PuVLLHHTWXwwDN7
6,xOccYkgRV4Q,2021-04-15T15:00:41Z,PLKnIA16_RmvYXWH_E6PuVLLHHTWXwwDN7
7,cTjj3LE8E90,2021-04-16T14:38:42Z,PLKnIA16_RmvYXWH_E6PuVLLHHTWXwwDN7
8,lV_Z4HbNAx0,2021-04-17T14:30:05Z,PLKnIA16_RmvYXWH_E6PuVLLHHTWXwwDN7
9,kKWsJGKcMvo,2021-04-19T14:28:16Z,PLKnIA16_RmvYXWH_E6PuVLLHHTWXwwDN7
10,9xiX-I5_LQY,2021-04-20T14:30:00Z,PLKnIA16_RmvYXWH_E6PuVLLHHTWXwwDN7
11,J73mvgG9fFs,2021-04-21T14:30:01Z,PLKnIA16_RmvYXWH_E6PuVLLHHTWXwwDN7
12,aUnNWZorGmk,2021-04-22T14:30:00Z,PLKnIA16_RmvYXWH_E6PuVLLHHTWXwwDN7
13,mCL2xLBDw8M,2021-04-23T14:30:13Z,PLKnIA16_RmvYXWH_E6PuVLLHHTWXwwDN7
14,l_Wip8bEDFQ,2021-04-24T14:30:10Z,PLKnIA16_RmvYXWH_E6PuVLLHHTWXwwDN7
15,Ratcir3p03w,2021-04-26T14:30:02Z,PLKnIA16_RmvYXWH_E6PuVLLHHTWXwwDN7
16,-fK-xEev2I8,2021-04-27T14:30:01Z,PLKnIA16_RmvYXWH_E6PuVLLHHTWXwwDN7
17,a38ehxv3kyk,2021-04-28T14:30:01Z,PLKnIA16_RmvYXWH_E6PuVLLHHTWXwwDN7
18,Lln1PKgGr_M,2021-04-29T14:30:11Z,PLKnIA16_RmvYXWH_E6PuVLLHHTWXwwDN7
19,OnPE-Z8jtqM,2021-04-30T14:30:04Z,PLKnIA16_RmvYXWH_E6PuVLLHHTWXwwDN7
20,Ccv1-W5ilak,2021-05-01T14:30:01Z,PLKnIA16_RmvYXWH_E6PuVLLHHTWXwwDN7
21,bcXA4CqRXvM,2021-05-03T14:30:04Z,PLKnIA16_RmvYXWH_E6PuVLLHHTWXwwDN7
22,ma-h30PoFms,2021-05-04T14:30:09Z,PLKnIA16_RmvYXWH_E6PuVLLHHTWXwwDN7
0,u1RKh1kQqaE,2021-06-11T10:07:21Z,PLKnIA16_Rmvb1RYR-iTA_hzckhdONtSW4
1,NQ0JI5IKggI,2021-06-12T12:30:04Z,PLKnIA16_Rmvb1RYR-iTA_hzckhdONtSW4
2,JAigPIhUIM8,2021-06-14T12:30:03Z,PLKnIA16_Rmvb1RYR-iTA_hzckhdONtSW4
3,_pNx8uEmHI0,2021-06-15T12:30:12Z,PLKnIA16_Rmvb1RYR-iTA_hzckhdONtSW4
4,QmSL27U7RDc,2021-06-16T12:30:12Z,PLKnIA16_Rmvb1RYR-iTA_hzckhdONtSW4
5,15sdH57DtsU,2021-06-17T12:30:00Z,PLKnIA16_Rmvb1RYR-iTA_hzckhdONtSW4
6,YjLFP8pW764,2021-06-18T12:30:19Z,PLKnIA16_Rmvb1RYR-iTA_hzckhdONtSW4
7,u6UpEKy_ocM,2021-06-19T12:30:12Z,PLKnIA16_Rmvb1RYR-iTA_hzckhdONtSW4
8,cPmiugHYvSI,2021-06-21T12:30:06Z,PLKnIA16_Rmvb1RYR-iTA_hzckhdONtSW4
9,EHxqc8Vy3H8,2021-06-23T12:30:02Z,PLKnIA16_Rmvb1RYR-iTA_hzckhdONtSW4
10,PbpuN5yI68o,2021-06-22T12:30:09Z,PLKnIA16_Rmvb1RYR-iTA_hzckhdONtSW4
11,fGckTEH5DPI,2021-06-24T12:30:19Z,PLKnIA16_Rmvb1RYR-iTA_hzckhdONtSW4
12,Ai4fEP-QKSI,2021-06-25T12:30:02Z,PLKnIA16_Rmvb1RYR-iTA_hzckhdONtSW4
13,mMCelsWjfac,2021-06-26T12:30:09Z,PLKnIA16_Rmvb1RYR-iTA_hzckhdONtSW4
14,QU3zhcSBWKU,2021-06-28T12:30:06Z,PLKnIA16_Rmvb1RYR-iTA_hzckhdONtSW4
15,lgs_o6mDzdU,2021-06-29T12:30:08Z,PLKnIA16_Rmvb1RYR-iTA_hzckhdONtSW4
16,hCMnJT14XTw,2021-07-05T12:30:07Z,PLKnIA16_Rmvb1RYR-iTA_hzckhdONtSW4
17,sM5-_9bJgdw,2021-07-06T12:30:18Z,PLKnIA16_Rmvb1RYR-iTA_hzckhdONtSW4
18,cNy9Pc35fRw,2021-07-12T10:19:00Z,PLKnIA16_Rmvb1RYR-iTA_hzckhdONtSW4
19,ue1dZQKKLM8,2021-07-12T10:21:07Z,PLKnIA16_Rmvb1RYR-iTA_hzckhdONtSW4
20,DZmJxCEfkCs,2021-07-12T10:21:49Z,PLKnIA16_Rmvb1RYR-iTA_hzckhdONtSW4
21,Hc-Dwy35DRQ,2021-07-12T10:23:14Z,PLKnIA16_Rmvb1RYR-iTA_hzckhdONtSW4
22,iMToFoTl2Z8,2021-07-12T10:26:31Z,PLKnIA16_Rmvb1RYR-iTA_hzckhdONtSW4
23,l0rgITwCXKg,2021-12-23T14:00:30Z,PLKnIA16_Rmvb1RYR-iTA_hzckhdONtSW4
24,-ePqwviZx4I,2021-12-24T14:00:01Z,PLKnIA16_Rmvb1RYR-iTA_hzckhdONtSW4
25,XPDzwN1aXAQ,2021-12-25T14:00:25Z,PLKnIA16_Rmvb1RYR-iTA_hzckhdONtSW4
26,39FONNQb-vc,2021-12-26T14:00:03Z,PLKnIA16_Rmvb1RYR-iTA_hzckhdONtSW4
27,GaJ_LmHd0E8,2022-01-02T14:00:12Z,PLKnIA16_Rmvb1RYR-iTA_hzckhdONtSW4
28,XTVP2gS6ftk,2022-01-09T14:00:12Z,PLKnIA16_Rmvb1RYR-iTA_hzckhdONtSW4
29,cNvZK0Wyoik,2022-01-12T14:00:15Z,PLKnIA16_Rmvb1RYR-iTA_hzckhdONtSW4
30,ww2uPkwSjjY,2022-01-18T14:00:32Z,PLKnIA16_Rmvb1RYR-iTA_hzckhdONtSW4
31,Mf2RdpEiXjU,2022-01-24T14:00:10Z,PLKnIA16_Rmvb1RYR-iTA_hzckhdONtSW4
32,szkZ1DwABUs,2022-06-05T14:00:19Z,PLKnIA16_Rmvb1RYR-iTA_hzckhdONtSW4
33,Vdz0usYmSsU,2021-01-12T15:44:56Z,PLKnIA16_Rmvb1RYR-iTA_hzckhdONtSW4
34,QNeHcXZJ8Zg,2021-01-28T14:38:49Z,PLKnIA16_Rmvb1RYR-iTA_hzckhdONtSW4
35,S3UOjUQIiNs,2021-01-29T17:45:14Z,PLKnIA16_Rmvb1RYR-iTA_hzckhdONtSW4
36,w_3VkYlOVqw,2021-01-30T19:11:12Z,PLKnIA16_Rmvb1RYR-iTA_hzckhdONtSW4
37,pH7YVRhnpUI,2022-03-13T14:00:17Z,PLKnIA16_Rmvb1RYR-iTA_hzckhdONtSW4
38,ZfJoU67tG1A,2022-03-15T14:00:10Z,PLKnIA16_Rmvb1RYR-iTA_hzckhdONtSW4
39,D0xVD8eUk4o,2022-05-16T14:00:04Z,PLKnIA16_Rmvb1RYR-iTA_hzckhdONtSW4
40,vjh0Cqudqa0,2022-05-16T14:00:20Z,PLKnIA16_Rmvb1RYR-iTA_hzckhdONtSW4
41,owbU6WzIhhg,2022-05-18T14:00:31Z,PLKnIA16_Rmvb1RYR-iTA_hzckhdONtSW4
42,b-YBvPmCTew,2022-05-24T14:00:13Z,PLKnIA16_Rmvb1RYR-iTA_hzckhdONtSW4
0,LFeT32e13AM,2021-02-18T15:15:34Z,PLKnIA16_RmvZcoNprihRnFNlu8vxZrP8L
1,NajYc1crq1Y,2021-02-19T08:40:18Z,PLKnIA16_RmvZcoNprihRnFNlu8vxZrP8L
2,XiBoJIchuiA,2021-02-22T07:13:21Z,PLKnIA16_RmvZcoNprihRnFNlu8vxZrP8L
3,G20vkIbRH1k,2021-02-23T12:17:28Z,PLKnIA16_RmvZcoNprihRnFNlu8vxZrP8L
4,1Q_bIpHm-vs,2021-03-03T05:48:29Z,PLKnIA16_RmvZcoNprihRnFNlu8vxZrP8L
5,QT7vk9j7vVY,2021-03-03T05:49:20Z,PLKnIA16_RmvZcoNprihRnFNlu8vxZrP8L
6,L7vaxGVKbFs,2021-03-03T05:50:04Z,PLKnIA16_RmvZcoNprihRnFNlu8vxZrP8L
7,ygKU7Bt9OqQ,2021-03-03T05:51:15Z,PLKnIA16_RmvZcoNprihRnFNlu8vxZrP8L
8,Sig4rgbhudg,2021-04-11T01:22:44Z,PLKnIA16_RmvZcoNprihRnFNlu8vxZrP8L
9,f6a1d01sTsM,2021-04-11T01:23:27Z,PLKnIA16_RmvZcoNprihRnFNlu8vxZrP8L
10,YURVK8EI0No,2021-04-11T01:24:05Z,PLKnIA16_RmvZcoNprihRnFNlu8vxZrP8L
11,sdQEcySu6kw,2021-04-11T01:24:44Z,PLKnIA16_RmvZcoNprihRnFNlu8vxZrP8L
12,_Ng09g_U7BU,2021-04-11T01:25:25Z,PLKnIA16_RmvZcoNprihRnFNlu8vxZrP8L
13,aZ_Rs-dm2Yc,2021-04-11T01:26:00Z,PLKnIA16_RmvZcoNprihRnFNlu8vxZrP8L
14,RDSg9E4rtg4,2021-04-11T01:26:44Z,PLKnIA16_RmvZcoNprihRnFNlu8vxZrP8L
15,EyeHqHH9LAI,2021-04-11T01:27:22Z,PLKnIA16_RmvZcoNprihRnFNlu8vxZrP8L
16,7FHXbHZJ7rw,2021-05-23T03:00:37Z,PLKnIA16_RmvZcoNprihRnFNlu8vxZrP8L
17,_ys9ibn5ZoM,2021-05-23T03:03:41Z,PLKnIA16_RmvZcoNprihRnFNlu8vxZrP8L
0,rt8TyYA3__k,2021-01-16T05:50:09Z,PLKnIA16_RmvYZTbtlMAy82T57HdL7LG5z
1,c6WSA87MGzc,2021-01-20T14:37:09Z,PLKnIA16_RmvYZTbtlMAy82T57HdL7LG5z
2,KnBuXxWnY5k,2021-02-05T05:37:13Z,PLKnIA16_RmvYZTbtlMAy82T57HdL7LG5z
3,Y5DLiHFskcg,2021-02-07T16:36:16Z,PLKnIA16_RmvYZTbtlMAy82T57HdL7LG5z
4,LU1DROOszLw,2021-02-09T16:19:22Z,PLKnIA16_RmvYZTbtlMAy82T57HdL7LG5z
5,yleHRBmiw4s,2021-02-09T16:22:58Z,PLKnIA16_RmvYZTbtlMAy82T57HdL7LG5z
0,8FaUvSe_fWE,2020-10-11T14:17:18Z,PLKnIA16_RmvZ4TXS8aMhMkk_Xbf5nI72_
1,IYNNwoYIT-s,2020-10-18T02:26:00Z,PLKnIA16_RmvZ4TXS8aMhMkk_Xbf5nI72_
2,qqcP1U7JLjg,2020-10-21T02:34:12Z,PLKnIA16_RmvZ4TXS8aMhMkk_Xbf5nI72_
3,d9fUBJpZIrs,2020-11-04T19:10:46Z,PLKnIA16_RmvZ4TXS8aMhMkk_Xbf5nI72_
4,HcscP4FYRxU,2020-11-06T19:03:28Z,PLKnIA16_RmvZ4TXS8aMhMkk_Xbf5nI72_
5,F2veKO3iq24,2020-11-12T04:58:59Z,PLKnIA16_RmvZ4TXS8aMhMkk_Xbf5nI72_
6,DORQ7opTwp4,2020-11-16T04:05:18Z,PLKnIA16_RmvZ4TXS8aMhMkk_Xbf5nI72_
7,6YIGLfsnKH4,2020-11-19T04:09:59Z,PLKnIA16_RmvZ4TXS8aMhMkk_Xbf5nI72_
8,Vg-Ap8FX_J8,2020-11-19T04:35:03Z,PLKnIA16_RmvZ4TXS8aMhMkk_Xbf5nI72_
9,aTGzS18ZzEE,2020-11-22T07:44:08Z,PLKnIA16_RmvZ4TXS8aMhMkk_Xbf5nI72_
10,yEM9Fx7o6Ng,2020-11-24T21:36:25Z,PLKnIA16_RmvZ4TXS8aMhMkk_Xbf5nI72_
11,lIMcihOvtSM,2020-11-30T17:29:49Z,PLKnIA16_RmvZ4TXS8aMhMkk_Xbf5nI72_
12,OqZreB_Q0w0,2020-12-05T22:21:36Z,PLKnIA16_RmvZ4TXS8aMhMkk_Xbf5nI72_
13,90tPmzyBcMI,2021-01-05T05:38:47Z,PLKnIA16_RmvZ4TXS8aMhMkk_Xbf5nI72_
14,B4EHqx5ZKMM,2021-01-10T15:08:30Z,PLKnIA16_RmvZ4TXS8aMhMkk_Xbf5nI72_
0,dOfsj5eAF6c,2020-09-19T03:39:54Z,PLKnIA16_RmvaeOke8cZBroU-ZONUIhi8H
1,fCYJYCMfVUg,2020-09-20T07:00:43Z,PLKnIA16_RmvaeOke8cZBroU-ZONUIhi8H
2,5tFRhK3gl-I,2020-09-22T06:19:26Z,PLKnIA16_RmvaeOke8cZBroU-ZONUIhi8H
3,kqo1hp9yXjA,2020-09-28T05:02:55Z,PLKnIA16_RmvaeOke8cZBroU-ZONUIhi8H
0,AO6ElqaDn-o,2020-10-02T17:49:21Z,PLKnIA16_RmvYQCXvDZmiVwJ0l8Bg0ZGCG
1,XU_gHJ_1FG8,2020-10-10T02:40:41Z,PLKnIA16_RmvYQCXvDZmiVwJ0l8Bg0ZGCG
0,1Yw9sC0PNwY,2021-04-09T14:32:00Z,PLKnIA16_RmvalFVAuVdLVFSqg50cwotk0
1,eBrGyuA2MIg,2021-04-10T14:30:04Z,PLKnIA16_RmvalFVAuVdLVFSqg50cwotk0
0,LUiBOAy7x6Y,2021-03-12T15:25:14Z,PLKnIA16_RmvZ7iKIcJrLjUoFDEeSejRpn
1,-1T54G_E-ys,2021-03-16T13:37:35Z,PLKnIA16_RmvZ7iKIcJrLjUoFDEeSejRpn
2,HYVzrETXbkE,2021-03-17T19:49:37Z,PLKnIA16_RmvZ7iKIcJrLjUoFDEeSejRpn
0,oUJs03eZ0S8,2021-03-14T04:22:11Z,PLKnIA16_RmvYXDBJ5WRDuQRSzFJs93pYR
1,wRtAoZF50Jc,2021-03-14T04:50:41Z,PLKnIA16_RmvYXDBJ5WRDuQRSzFJs93pYR
2,AFrZ3JOQ0Qg,2021-03-14T04:59:38Z,PLKnIA16_RmvYXDBJ5WRDuQRSzFJs93pYR
3,wlH9w1eA6PQ,2021-03-14T05:24:30Z,PLKnIA16_RmvYXDBJ5WRDuQRSzFJs93pYR
4,DPkpI2ezVO4,2021-03-14T05:27:57Z,PLKnIA16_RmvYXDBJ5WRDuQRSzFJs93pYR
5,Y_78ARbpSwo,2021-03-14T05:31:32Z,PLKnIA16_RmvYXDBJ5WRDuQRSzFJs93pYR
6,fanEPKLRbPk,2021-03-14T05:37:13Z,PLKnIA16_RmvYXDBJ5WRDuQRSzFJs93pYR
7,b_vVNCVDrbw,2021-03-14T05:40:32Z,PLKnIA16_RmvYXDBJ5WRDuQRSzFJs93pYR
8,shfXj_Og7ak,2021-03-21T02:51:09Z,PLKnIA16_RmvYXDBJ5WRDuQRSzFJs93pYR
9,Vy3SnnSQogA,2021-03-21T02:59:54Z,PLKnIA16_RmvYXDBJ5WRDuQRSzFJs93pYR
10,Vw4LA54xG5A,2021-03-21T02:58:59Z,PLKnIA16_RmvYXDBJ5WRDuQRSzFJs93pYR
11,_C36hYMa8QU,2021-03-21T03:05:13Z,PLKnIA16_RmvYXDBJ5WRDuQRSzFJs93pYR
12,sg7MwuLsnjQ,2021-03-21T03:10:57Z,PLKnIA16_RmvYXDBJ5WRDuQRSzFJs93pYR
0,ZftI2fEz0Fw,2021-03-13T16:15:53Z,PLKnIA16_Rmvbr7zKYQuBfsVkjoLcJgxHH
1,1v3_AQ26jZ0,2021-03-15T16:28:35Z,PLKnIA16_Rmvbr7zKYQuBfsVkjoLcJgxHH
2,81ymPYEtFOw,2021-03-16T13:49:16Z,PLKnIA16_Rmvbr7zKYQuBfsVkjoLcJgxHH
3,nPrhFxEuTYU,2021-03-17T14:13:41Z,PLKnIA16_Rmvbr7zKYQuBfsVkjoLcJgxHH
4,3oOipgCbLIk,2021-03-18T12:41:31Z,PLKnIA16_Rmvbr7zKYQuBfsVkjoLcJgxHH
5,ntAOq1ioTKo,2021-03-19T13:34:29Z,PLKnIA16_Rmvbr7zKYQuBfsVkjoLcJgxHH
6,WGUNAJki2S4,2021-03-20T14:09:26Z,PLKnIA16_Rmvbr7zKYQuBfsVkjoLcJgxHH
7,UZio8TcTMrI,2021-03-22T14:14:44Z,PLKnIA16_Rmvbr7zKYQuBfsVkjoLcJgxHH
8,iDbhQGz_rEo,2021-03-23T14:44:09Z,PLKnIA16_Rmvbr7zKYQuBfsVkjoLcJgxHH
9,93rKZs0MkgU,2021-03-24T12:49:59Z,PLKnIA16_Rmvbr7zKYQuBfsVkjoLcJgxHH
10,vVhD2EyS41Y,2021-03-25T14:39:26Z,PLKnIA16_Rmvbr7zKYQuBfsVkjoLcJgxHH
11,82P5N2m41jE,2021-03-26T15:47:45Z,PLKnIA16_Rmvbr7zKYQuBfsVkjoLcJgxHH
12,dr7z7a_8lQw,2021-03-27T14:30:02Z,PLKnIA16_Rmvbr7zKYQuBfsVkjoLcJgxHH
13,A9SezQlvakw,2021-03-29T14:30:01Z,PLKnIA16_Rmvbr7zKYQuBfsVkjoLcJgxHH
14,a_XrmKlaGTs,2021-03-30T14:34:19Z,PLKnIA16_Rmvbr7zKYQuBfsVkjoLcJgxHH
15,fFwRC-fapIU,2021-03-31T14:30:04Z,PLKnIA16_Rmvbr7zKYQuBfsVkjoLcJgxHH
16,roTZJaxjnJc,2021-04-01T14:30:08Z,PLKnIA16_Rmvbr7zKYQuBfsVkjoLcJgxHH
17,8NOdgjC1988,2021-04-02T15:12:18Z,PLKnIA16_Rmvbr7zKYQuBfsVkjoLcJgxHH
18,mJlRTUuVr04,2021-04-03T14:30:03Z,PLKnIA16_Rmvbr7zKYQuBfsVkjoLcJgxHH
19,4HyTlbHUKSw,2021-04-05T14:30:00Z,PLKnIA16_Rmvbr7zKYQuBfsVkjoLcJgxHH
20,6D3VtEfCw7w,2021-04-06T14:30:00Z,PLKnIA16_Rmvbr7zKYQuBfsVkjoLcJgxHH
21,E69Lg2ZgOxg,2021-04-07T14:30:01Z,PLKnIA16_Rmvbr7zKYQuBfsVkjoLcJgxHH
22,sluoVhT0ehg,2021-04-08T14:43:42Z,PLKnIA16_Rmvbr7zKYQuBfsVkjoLcJgxHH
23,1Yw9sC0PNwY,2021-04-09T14:32:00Z,PLKnIA16_Rmvbr7zKYQuBfsVkjoLcJgxHH
24,eBrGyuA2MIg,2021-04-10T14:30:04Z,PLKnIA16_Rmvbr7zKYQuBfsVkjoLcJgxHH
25,w2GglmYHfmM,2021-04-12T16:55:33Z,PLKnIA16_Rmvbr7zKYQuBfsVkjoLcJgxHH
26,U5oCv3JKWKA,2021-04-13T14:30:05Z,PLKnIA16_Rmvbr7zKYQuBfsVkjoLcJgxHH
27,5TVj6iEBR4I,2021-04-14T14:30:00Z,PLKnIA16_Rmvbr7zKYQuBfsVkjoLcJgxHH
28,xOccYkgRV4Q,2021-04-15T15:00:41Z,PLKnIA16_Rmvbr7zKYQuBfsVkjoLcJgxHH
29,cTjj3LE8E90,2021-04-16T14:38:42Z,PLKnIA16_Rmvbr7zKYQuBfsVkjoLcJgxHH
30,lV_Z4HbNAx0,2021-04-17T14:30:05Z,PLKnIA16_Rmvbr7zKYQuBfsVkjoLcJgxHH
31,kKWsJGKcMvo,2021-04-19T14:28:16Z,PLKnIA16_Rmvbr7zKYQuBfsVkjoLcJgxHH
32,9xiX-I5_LQY,2021-04-20T14:30:00Z,PLKnIA16_Rmvbr7zKYQuBfsVkjoLcJgxHH
33,J73mvgG9fFs,2021-04-21T14:30:01Z,PLKnIA16_Rmvbr7zKYQuBfsVkjoLcJgxHH
34,aUnNWZorGmk,2021-04-22T14:30:00Z,PLKnIA16_Rmvbr7zKYQuBfsVkjoLcJgxHH
35,mCL2xLBDw8M,2021-04-23T14:30:13Z,PLKnIA16_Rmvbr7zKYQuBfsVkjoLcJgxHH
36,l_Wip8bEDFQ,2021-04-24T14:30:10Z,PLKnIA16_Rmvbr7zKYQuBfsVkjoLcJgxHH
37,Ratcir3p03w,2021-04-26T14:30:02Z,PLKnIA16_Rmvbr7zKYQuBfsVkjoLcJgxHH
38,-fK-xEev2I8,2021-04-27T14:30:01Z,PLKnIA16_Rmvbr7zKYQuBfsVkjoLcJgxHH
39,a38ehxv3kyk,2021-04-28T14:30:01Z,PLKnIA16_Rmvbr7zKYQuBfsVkjoLcJgxHH
40,Lln1PKgGr_M,2021-04-29T14:30:11Z,PLKnIA16_Rmvbr7zKYQuBfsVkjoLcJgxHH
41,OnPE-Z8jtqM,2021-04-30T14:30:04Z,PLKnIA16_Rmvbr7zKYQuBfsVkjoLcJgxHH
42,Ccv1-W5ilak,2021-05-01T14:30:01Z,PLKnIA16_Rmvbr7zKYQuBfsVkjoLcJgxHH
43,bcXA4CqRXvM,2021-05-03T14:30:04Z,PLKnIA16_Rmvbr7zKYQuBfsVkjoLcJgxHH
44,ma-h30PoFms,2021-05-04T14:30:09Z,PLKnIA16_Rmvbr7zKYQuBfsVkjoLcJgxHH
45,ToGuhynu-No,2021-05-05T14:30:03Z,PLKnIA16_Rmvbr7zKYQuBfsVkjoLcJgxHH
46,iRbsBi5W0-c,2021-05-06T14:30:03Z,PLKnIA16_Rmvbr7zKYQuBfsVkjoLcJgxHH
47,tXXnxjj2wM4,2021-05-07T14:30:04Z,PLKnIA16_Rmvbr7zKYQuBfsVkjoLcJgxHH
48,tofVCUDrg4M,2021-05-08T14:30:06Z,PLKnIA16_Rmvbr7zKYQuBfsVkjoLcJgxHH
49,UZPfbG0jNec,2021-05-10T14:30:07Z,PLKnIA16_Rmvbr7zKYQuBfsVkjoLcJgxHH
0,_W1i-c_6rOk,2021-03-09T13:17:07Z,PLKnIA16_RmvYCvO-bAYhv3IAW220Jl7b3
1,pGQnNYdPTvY,2021-03-10T14:13:57Z,PLKnIA16_RmvYCvO-bAYhv3IAW220Jl7b3
2,ut4vh59rGkw,2021-03-11T14:06:31Z,PLKnIA16_RmvYCvO-bAYhv3IAW220Jl7b3
0,6hNM-HfBmPE,2020-10-08T14:51:38Z,PLKnIA16_Rmvb3AF6EFjecR8KSgY-t8LhA
1,95fWfyMAvQU,2020-10-08T14:52:23Z,PLKnIA16_Rmvb3AF6EFjecR8KSgY-t8LhA
2,HCXY4ZAta2I,2020-10-08T14:52:46Z,PLKnIA16_Rmvb3AF6EFjecR8KSgY-t8LhA
3,zmXT-Odo_hg,2020-10-08T14:54:00Z,PLKnIA16_Rmvb3AF6EFjecR8KSgY-t8LhA
4,mTE50i5prxc,2020-10-08T14:54:49Z,PLKnIA16_Rmvb3AF6EFjecR8KSgY-t8LhA
5,x--vrns8mQo,2020-10-08T14:55:21Z,PLKnIA16_Rmvb3AF6EFjecR8KSgY-t8LhA
6,aR08eUEaVxQ,2020-10-08T14:56:22Z,PLKnIA16_Rmvb3AF6EFjecR8KSgY-t8LhA
7,xpljKsusK7Y,2020-10-08T14:57:04Z,PLKnIA16_Rmvb3AF6EFjecR8KSgY-t8LhA
8,ooU3i6u826k,2020-10-08T14:57:51Z,PLKnIA16_Rmvb3AF6EFjecR8KSgY-t8LhA
9,lbkuGqJ0VMw,2020-10-08T14:58:30Z,PLKnIA16_Rmvb3AF6EFjecR8KSgY-t8LhA
10,t8LH2BOPW3M,2020-10-08T14:59:18Z,PLKnIA16_Rmvb3AF6EFjecR8KSgY-t8LhA
11,vz-xweK5aLM,2020-10-08T15:00:41Z,PLKnIA16_Rmvb3AF6EFjecR8KSgY-t8LhA
12,t5lhXbwpNMo,2020-10-08T15:02:03Z,PLKnIA16_Rmvb3AF6EFjecR8KSgY-t8LhA
13,xt7lWNTWYC8,2020-10-08T15:02:45Z,PLKnIA16_Rmvb3AF6EFjecR8KSgY-t8LhA
14,4FO0REjG0x8,2020-10-08T15:06:08Z,PLKnIA16_Rmvb3AF6EFjecR8KSgY-t8LhA
15,a2UUDYtsWks,2020-10-08T15:07:58Z,PLKnIA16_Rmvb3AF6EFjecR8KSgY-t8LhA
16,tZ6Ez7c6YNI,2020-10-08T16:56:13Z,PLKnIA16_Rmvb3AF6EFjecR8KSgY-t8LhA
17,95S3BW3nqlI,2020-10-08T16:56:47Z,PLKnIA16_Rmvb3AF6EFjecR8KSgY-t8LhA
18,yN2r1i_wFVc,2020-10-08T16:57:19Z,PLKnIA16_Rmvb3AF6EFjecR8KSgY-t8LhA
19,ZUdCqt8F5pQ,2020-10-08T16:57:48Z,PLKnIA16_Rmvb3AF6EFjecR8KSgY-t8LhA
20,FyNEpTzAF1Q,2020-10-08T16:58:35Z,PLKnIA16_Rmvb3AF6EFjecR8KSgY-t8LhA
21,QpSjsFNOl48,2020-10-08T16:59:00Z,PLKnIA16_Rmvb3AF6EFjecR8KSgY-t8LhA
22,RkEgOeTz_z0,2020-10-08T16:59:37Z,PLKnIA16_Rmvb3AF6EFjecR8KSgY-t8LhA
0,dNpnqLqtBxg,2020-08-07T06:02:57Z,PLKnIA16_RmvYNKLA_HG5h3_dyzSBuD09_
1,zJ5QMI6PFgM,2020-08-07T06:03:23Z,PLKnIA16_RmvYNKLA_HG5h3_dyzSBuD09_
2,Kg_7GllfN5A,2020-08-07T06:03:48Z,PLKnIA16_RmvYNKLA_HG5h3_dyzSBuD09_
3,4J0uuIEPBZE,2020-08-07T06:05:36Z,PLKnIA16_RmvYNKLA_HG5h3_dyzSBuD09_
0,e9h-ZZ_ahRg,2020-08-25T06:36:53Z,PLKnIA16_RmvYu0fS_RuIB2eTbJcTFdrAA
1,10e-b8AgdVA,2020-07-10T01:53:02Z,PLKnIA16_RmvYu0fS_RuIB2eTbJcTFdrAA
2,fNk_zzaMoSs,2016-08-06T00:05:49Z,PLKnIA16_RmvYu0fS_RuIB2eTbJcTFdrAA
3,k7RM-ot2NWY,2016-08-06T23:49:28Z,PLKnIA16_RmvYu0fS_RuIB2eTbJcTFdrAA
4,kYB8IZa5AuE,2016-08-07T21:39:19Z,PLKnIA16_RmvYu0fS_RuIB2eTbJcTFdrAA
5,XkY2DOUCWMU,2016-08-08T22:20:43Z,PLKnIA16_RmvYu0fS_RuIB2eTbJcTFdrAA
6,LyGKycYT2v0,2016-08-24T19:20:58Z,PLKnIA16_RmvYu0fS_RuIB2eTbJcTFdrAA
7,PFDu9oVAE-g,2016-09-15T18:22:14Z,PLKnIA16_RmvYu0fS_RuIB2eTbJcTFdrAA
